baseline,seed,eval_step,eval_return,eval_std
none,4,10000,-691.2760867248442,188.31028934523206
none,4,20000,-5620.050541291532,1753.0647984387601
none,4,30000,-1249.6899842041578,224.66609628829298
none,4,40000,-976.3290420358978,157.14142953567094
none,4,50000,-957.056192358795,11.717315754945684
none,4,60000,-200.4811052522363,40.351962384981626
none,4,70000,-95.44744935301571,23.491528328178262
none,4,80000,-150.2624864062416,30.920662075691112
none,4,90000,-137.4302959469163,11.893985875699377
none,4,100000,-124.43261432331126,31.590868455531684
none,4,110000,-60.78818544664502,22.170817435120515
none,4,120000,-80.87689683222047,21.598748030304435
none,4,130000,-117.98070167597211,14.989618404476692
none,4,140000,-125.71282523799077,35.06621922680953
none,4,150000,-89.10703327030224,18.58967631236214
none,4,160000,-108.9811394027668,9.784026238428769
none,4,170000,-131.48585322865605,11.926305778505109
none,4,180000,-95.33643237292493,17.894326490777594
none,4,190000,-105.22819721965205,12.235339539901231
none,4,200000,-76.46096583289278,20.58443813317451
